{
  "rows": 112855,
  "labels": {
    "1": 77523,
    "0": 35332
  },
  "sources": {
    "url_dataset": 60000,
    "phishing_urls": 44989,
    "spam_csv": 5154,
    "arabic_file": 2059,
    "arabic_aug": 612,
    "messages": 41
  },
  "ensemble_weights": {
    "logreg": 0.25064407988276793,
    "decision_tree": 0.24893015461476437,
    "random_forest": 0.2502227273344011,
    "mlp": 0.25020303816806666
  },
  "metrics": {
    "logreg": {
      "accuracy": 0.9902529794869522,
      "precision": 0.9978503029118624,
      "recall": 0.9879393743953563,
      "f1": 0.9928701063002333,
      "confusion": [
        [
          7033,
          33
        ],
        [
          187,
          15318
        ]
      ]
    },
    "decision_tree": {
      "accuracy": 0.9810819192769483,
      "precision": 0.9969021882414975,
      "recall": 0.9754917768461786,
      "f1": 0.9860807771294455,
      "confusion": [
        [
          7019,
          47
        ],
        [
          380,
          15125
        ]
      ]
    },
    "random_forest": {
      "accuracy": 0.987993442913473,
      "precision": 0.9980384464495881,
      "recall": 0.9844566268945502,
      "f1": 0.9912010130199033,
      "confusion": [
        [
          7036,
          30
        ],
        [
          241,
          15264
        ]
      ]
    },
    "mlp": {
      "accuracy": 0.9878162243586903,
      "precision": 0.992115807160398,
      "recall": 0.9901322154143825,
      "f1": 0.9911230188192001,
      "confusion": [
        [
          6944,
          122
        ],
        [
          153,
          15352
        ]
      ]
    },
    "ensemble": {
      "accuracy": 0.9910947676221701,
      "precision": 0.9982419585883578,
      "recall": 0.9887778136085134,
      "f1": 0.9934873473090756,
      "confusion": [
        [
          7039,
          27
        ],
        [
          174,
          15331
        ]
      ]
    }
  }
}
